{"count":1,"self":99.6507456,"total":101.5915461,"children":{"InitializeActuators":{"count":13,"self":0.0010306,"total":0.0010306,"children":null},"InitializeSensors":{"count":13,"self":0.0015382,"total":0.0015382,"children":null},"AgentSendState":{"count":3984,"self":0.037082899999999995,"total":0.1343904,"children":{"CollectObservations":{"count":5413,"self":0.074493999999999991,"total":0.074493999999999991,"children":null},"WriteActionMask":{"count":5413,"self":0.0054034999999999994,"total":0.0054034999999999994,"children":null},"RequestDecision":{"count":5413,"self":0.01741,"total":0.01741,"children":null}}},"DecideAction":{"count":3984,"self":0.69607089999999994,"total":0.69607089999999994,"children":null},"AgentAct":{"count":3984,"self":1.1067734999999999,"total":1.1067734999999999,"children":null}},"gauges":{"BigMap.CumulativeReward":{"count":20,"max":87.1239548,"min":-72.09216,"runningAverage":-0.27339375,"value":-72.09216,"weightedAverage":-26.0422115}},"metadata":{"timer_format_version":"0.1.0","start_time_seconds":"1736999885","unity_version":"6000.0.30f1","command_line_arguments":"C:\\Program Files\\Unity\\Hub\\Editor\\6000.0.30f1\\Editor\\Unity.exe -projectpath D:\\UnityProject\\TopDown2D -useHub -hubIPC -cloudEnvironment production","communication_protocol_version":"1.5.0","com.unity.ml-agents_version":"3.0.0","scene_name":"Desert","end_time_seconds":"1736999986"}}