{"count":1,"self":1386.9487104,"total":1390.4957130999999,"children":{"InitializeActuators":{"count":35,"self":0.0030058999999999997,"total":0.0030058999999999997,"children":null},"InitializeSensors":{"count":35,"self":0.0019973,"total":0.0019973,"children":null},"AgentSendState":{"count":11848,"self":0.060930099999999994,"total":0.2945579,"children":{"CollectObservations":{"count":20607,"self":0.1986413,"total":0.1986413,"children":null},"WriteActionMask":{"count":20607,"self":0.0073406,"total":0.0073406,"children":null},"RequestDecision":{"count":20607,"self":0.027645899999999998,"total":0.027645899999999998,"children":null}}},"DecideAction":{"count":11848,"self":1.1958640999999999,"total":1.1958640999999999,"children":null},"AgentAct":{"count":11848,"self":2.0500088,"total":2.0500087,"children":null}},"gauges":{"BigMap.CumulativeReward":{"count":123,"max":84.4944458,"min":-95.5630951,"runningAverage":0.231850147,"value":-16.0841064,"weightedAverage":-7.939255}},"metadata":{"timer_format_version":"0.1.0","start_time_seconds":"1737041293","unity_version":"6000.0.30f1","command_line_arguments":"C:\\Program Files\\Unity\\Hub\\Editor\\6000.0.30f1\\Editor\\Unity.exe -projectpath D:\\UnityProject\\TopDown2D -useHub -hubIPC -cloudEnvironment production","communication_protocol_version":"1.5.0","com.unity.ml-agents_version":"3.0.0","scene_name":"Room","end_time_seconds":"1737042683"}}